 Noun,Adjectives and Verbs
stopper,showing  gave  locate  big  false  zagging  different  encourages  opening  peaks
mark,handles  gave  question  let  told  cus  zagging  different  encourages  allowed  airdroid  tells
gain,killing  gained  remain  giving  absurd  waited  broke  calculated  elevation
measurement,imperial  responding  terrible  usable  doubling  intermittent  spurious  spotty  calculating
button/option,more?  sharing  f****  make  google+
resume,discover  button  said  stop  tapping  recording  force  start  exit  fastest
streetview,care  like  full  stat?  scribbling  looks  wants
waste,misses  sky  idle  vs  specific  twenty  beautiful  tell  miscalculated
order,connects  disappointed  predefined  miolink
how?,gave  locate  told  big  pass  know  astonishing  zagging  different  copy  encourages  allowed  airdroid  doubt  opening  tells  peaks
p7500,help  note  continuous  galaxy  detected  s3  fixed  samsung  kitkat  s4  stable  gen  helpful  smaller  discharged  grand  w/s4
height,known  agree
mile,rode  jump  nope  bring  half  lying  eleven  only  searched  empty  jumped  marked
shown???,"rendering  reliable  ""do  info  hesitating  wouldn't"
velocity,ave  reliable  speed  unreliable  hell  longer  graph
app?,accessing  made  recommend  forget  believe  flakey  ruin  love  gone  due
that's,needed  collected  do  cover
splits,leave  put  manual  automatic  run
second,converting  compatible  pro  created  file  send  microsoft  possible  manual  microsoft's  lat/long
bit,more?  continues  there's  mess  make  web  leaving  klutzy  offset  complex  segmenting  complicate  regains
computer,accessing  match  geotag  downloaded  talk  asked  next
level,unusual  launched  turns  fair  drain  measured
screen,meaning  blank  sending  remained  smaller  displays  black  sliding  resulting
people,syncing  docs  were  drive  shared
text,f****  huge  small  google+  shuts  link
help,constant  samsung  sending  sucked
abscissa,new  geeky  sharing  social  generic  suck
site,normal  more?  like  similar  endomondo  wider  make  web
calendar?,watch  contact  worse  hate  removed  getting
defeats,summary  stored  innovative  caused  more-or-less  existing  internal  gets  allows  daily  contained  entire
route,crazy  preferred  planned  w/  point  surprised  riddled  opening  directional  logged
longtime,favourite
zags,uses  handles  walk  zagging  sits  kill  uk  offset
skating,like  other  stupid  indicate  does
synch,syncing  classic  happens  drive  google  gionee  google+  syncs
conection,dotty  classic  pre-loading  map  beside  offline
random,packs  verging  logical  manual
movie,am  usable  holding
muti,route  crazy  preferred  planned  w/  point  riddled  running  opening  directional  logged
obstructions,aren't  show  burned  incorrect  burn  wish
movement,worked  accuracy  luklckaly  blue  improving  actual
wasnt,disappointment  discover  able  only  actual  post
sucks,loading  likely  calculates  prefer  reinstalled
power,much  uses  cpu  eats  face
skips,going  ruins  huge  randomly  making  contact  fro  looping  loses
summary,min/mile  stored  more-or-less  existing  gets  contained
desktop,received  click  disconnected  german  english  translating  seems  segmenting
max,maximum  biking  speed  showed  appeared  calculating  calculated
home,widget  xt  leave  lockscreen
"evil""","white  proper  theres  longer  ""do  offline"
mapmyride,help  care  like  earlier  miss
note,continuous  galaxy  detected  s3  fixed  samsung  buggy  kitkat  s4  hold  smoothing  android  stable  helpful  shouldnt  smaller  discharged  grand
mototracktour,route  tracked  preferred  count  wrong  displays  measured
connection,there's  eror  sad  disconnected  internet
setting,highest  turned  happened?  accuracy
river,insisted  dies  handles  walk  stupidest  built  randomly  january  zagging  sits  puts  uk  sit  viewed
statistics,"aggregate  unlocking  gmap  incorrect  engine"""
supports,bluetooth
map?,select  public  needed  read  make  them?  grey
type,map?  select  completed  contact?  read  pirate-ware  them?  effective
terrain,aware  classic  destroyed  pre-loading  stored  map  affected  allow  removing  handle  offline
goal,care  coordinate  like  unreliable  professional
ace,note  galaxy  detected  s3  samsung  installed  s4  performed  stable  helpful  grand  w/s4
razer,drained  editable  ur  #2  battery  note-3  drains  draining  droid
'elevation,crappy  consistent  computing  accurate  isn't
packet,signed  valid  packged  install  downloading
way,cuts  stupidest  fair  hot  inform  oddest  uh  imaginable
session's,uploading  performed  wanted  take  exit  recorded
aware,you're  such  stored  ending  offline
pls,constant  predefined  miolink  wanted
connects,advertised  preventing
limitations,paired  blue
visualizer,readable  created  focusing  allows
calaries,didnt  traveled  walking  affected  removing  burn  1-2km  wish
support,chinese  prevents  miolink  bluetooth  ant+  le  processes  user  quality  metric  usb  hrm  ble  restore
synthesis,is  poor  vocal  takes  deleted  understandable  spurious  uh  rendered  launching  behaving  /\
units,correct  remove  please  quality  gen  measure  restore  working?
patchy,constant  correct  once  large  lose  marking
day,couple
airplaneboatskissnowboardbut,"reliable  ""do  faster"
worked,fine  ditto  inconsistent  blue  stopped  improving  saving  actual
sucker,unusual  earth  google  drain  excessive  ur  erratic  #2  battery  drains  burns  60-mile
widget,alert  apply  responding  lockscreen  small  drain  consumes  offers  battery  drains  burns  eats  warned
generation,enjoyed  excessive  u  tied
shares,route  bring  preferred  wrong  only  riddled  draw  directional
holes,typical  few  walk  giant  creates  gets  isnt  recorded
biking,max
mph,kph  re-install
brand,new  s3  fewer  hold  performed  make  smaller
anyone,connecting  fallacious  indicate  having
human,cant  amazing  aggregate  converted  offers  get  super
starting,stopping  chew  kills  draining  launching  threw
qa,"say  offers  release  /  ""test"
galaxy,note  continuous  detected  s3  fixed  samsung  kitkat  s4  hold  performed  android  stable  helpful  smaller  discharged  grand  w/s4
lll,note  continuous  galaxy  detected  s3  samsung  s4  stable  helpful  smaller  discharged  grand  w/s4
version,latest  current  previous  older  obtain  update  last  updat  g+
zigzaggy,continues  mess  f****  mapping  hiking  web  leaving  calculating  resembles  jagged
mileage,match  bounce  pretty  see
didnt,traveled  said  burned  realize  burn  travelled  wish
functionality,excessive  sync
tables,height  syncing  shared  wrong
w/app,drained  turns  focusing  drain  ur  #2  biggest  battery  drains  burns
installing,"meaning  eror  unknown  ""-24"""
bloatware,informing  play  requires  'goodle  view  won't  installed  focusing  asking  'google  logged
lot,third  uses  fewer  consumes  empty  klutzy  eats
output,random  impossible  seems  possible
list,widget  small  cannot  added  stat  awesome  less
cellphone,drained  killing  third  idle  battery  miscalculated
"""my",normal  gps  blame  recognizes  recognize  signal
comingpackge,installing  unsigned  eror  longer  pausing
segments,crucial  awful  basic  most  dropping  missing  entire
bug?,worked  blue  improving  actual
-24,"meaning  installing  this???  unknown  error  ""-24"""
failure,"indicating  saying  receive  file  ""package  daocoh  update/install  keep  signend  getting"
distance,correct  individual  plot  large  doubling  wrong  calculate  calculating  displays  measured  travelled  walked
shoreline,level  fair  measured
counting,maximum  boring  shouldn't  calculate  right
session,tablefor  earth  saved  disable  suitable  drive  google  open  60-mile  opens  viewed
saudi,cant  dies  store-india'  available  suitable  lying  january  india  kill
s3,note  continuous  galaxy  detected  samsung  s4  hold  performed  stable  helpful  smaller  grand  w/s4
button,"resume  search  ""install  stop  tapping  recording  record  appears  closes  force  start  ""wi-fi  selected  pressed  automatic"
froyo,"helping  controlled/measured  mobile  n5  downloaded  ""quest"""
section,enormous  large  corrupts  missed  offset  ending
fitness,competitive  other  stupid
basic,crucial  glitchy  sharing  good  photo/route  generic  append  missing  runkeeper
m8,like  caught  fallacious  scribbling  htc  looks  google+
result,showing  strange  astonishing  weird  satisfied  gives  allowed  getting  enough  flitting
average,ave  peak  speed  higher  walking  moving  beautiful  handle  chart
signal?,normal  today's  inform  accuracy  seems  turning  slightest  reupload
auto,doesn't  ant+  connect  change  support?  seem  usb  hrm  import
track--why,maximum  speed  traditional  scale  wider  lying  eleven  only  color-coded  marked
journey,most  wanted  cutting  missing  entire
coordinate,chinese  unreliable  active  follow  suite  /
con,remain  mentioning  big  main  introduced  #2  biggest  suppose
doesn't,detect  failed  sd  ant+  work  seem  hrm  recognise
you're,aware  lacking  weak
pics,sky  longer  pausing
go,hell  seeing  u
garmin,forgot  detect  talk  hrm
dots,gone  reinstalled
cant,
omission,awful  buggy  stupid  photo/route  prompts  app
security,"indicating  offering  fail  saying  signed  receive  file  ""package  daocoh  update/install  says  packged  fails  signend  fails:"
phone?,"helping  forgot  n5  downloaded  nice  favourite  professional  ""quest"""
reset,aggregate
sorry,personal  steal  full  assume  remove  contact?  decided  read  contact  i'm
turns,level  showing  km  count  wrong  drain  known  measured
park,dies  suitable  india  walked
beige,individual  loaded  it's
there's,assume  turn  offset  internet  regains  stationary
km/,ave  speed  stop
wreck,correct  crazy  drop
rest,"ave  location""  stop  doubled  included"
desire,latest  strange  current  previous  htc  obtain  update  last  updat
speed,max  maximum  ave  average  higher  unreliable  hell  traditional  seeing  wider  beautiful  color-coded  calculated  handle
sense,am  blame  willing  recognizes  pausing
signature?,uninstalled  indicate  store
instability,app?  mess  enormous  recommend  lame  corrupts  missed  upgraded  offset  ending  measured  due
cycling,necessary  more-or-less  existing  shouldn't  daily  beside  run
endonondo,care  dotty  choose  theres  stat?  wait
rating,helping  complicated  deleted  negative  preventing  intuitive  cool  taking  increase
input,"coordinate  chinese  unreliable  active  user  follow  suite  /  ""test"
train,correct  crazy  directional
mess,enormous  froze  missed  leaving  offset  calculating  resembles  freezes
correct,individual  calculate
overreach,approved  completed  contact?  collected  cover
l,geeky  n  b  generic  graph  pathetic  are  complete  sliding
mytrack?,"much  competitive  ""do  provide  intuitive  face  faster"
@,note  continuous  galaxy  detected  s3  fixed  samsung  kitkat  s4  hold  android  stable  helpful  smaller  discharged  grand  w/s4
i've,30-40  had  invasive  tested  flakey  lost  ruin  searched  gone  noticed
track,sheetgreatthe  saved  added  editable  usual  wanted  gmap  spreed
report,continue  remain  general  user  absurd  pre-downloaded  testing
s2,note  continuous  galaxy  detected  s3  samsung  s4  android  stable  helpful  smaller  grand  w/s4
marker,happens  put  see  manual
aren't,reasonable  burned  incorrect  accurate  burn  smooth  wish
lets,"much  uses  competitive  ""do  slower  intuitive  complex  eats  face  faster"
it?,boot
e,biological  statistical  hit  count  known
km,tablefor  turns  showing  preferred  displayed  count  wrong  pass  known  negative
inability,uploading  been  moved  keep  take  shp
identity,horrible  terrible  active  accurate  holding  behaving
openstreetmap,latest  previous  obtain  plan  import  tied
distance?,saved  map  more-or-less  existing  internal  spb  daily  entire
ui,min/mile  setting  improved  good  scale  big  main  major  fired  weird  rewritten  issue
mountain,mentioned  biking  track  endomondo  promised  n5  little  usual  appeared  wanted  unusable  spreed
matters,look  warning  usable  spotty
fiximg,note  samsung  smaller  update  last  nexus
tracklog,rendering  point  plan
gained',crappy  consistent  computing  isn't
place,random  lossing  doubling  oddest
annoying,promised  total  moving  little  vs  negative  grinning
apk,offering  gps  receive  loses  reupload  signal  regains
terrible,latest  buggy  smoothing  last  seen
flaws,setting  good  default  accuracy
none,map?  editable  consumes
googlemap,closer  common  excessive  syncs  lat/long
kph,mph  public  klutzy  complex
hell,white  go  speed  traditional  deleting  scrambled  wider  pirate-ware
watch,adds  reading  luklckaly  sucked  wear  syncs  tuned  outing
gpx,syncing  accept  planned  file  display  converted  send  create  import  move
shot,supposed  driven  navigate  straight
email,summary  saved  contained
killer,unusual  drained  idle  drain  excessive  inconsistent  ur  battery  drains  tried  reinstalled
mapmaker,latest  recent  crap  update  broken
application,keeping  hanging  crashed
yesterday,consumed
stores,editing  geotag  mytrack
click,f****  single  google+  link  segmenting  try
detail,fewer
week,couple  fine  several  minute  past  hasn't  caffeinated
charger,happen  eg  vocal  understandable  launching  behaving
avon,insisted  typical  dies  handles  walk  stupidest  built  randomly  january  zagging  creates  sits  puts  uk  sit
"location""","supported  zoomed  hd  are  ""wi-fi"
locks,mess  f****  froze  pick  luklckaly  leaving  reload  connected  fresh  resembles
a60,"detect  appear  ""my  doesn't  sd  today's  work  isn't  working"
gps',"'waiting  trusted  charged  kills  ""waiting"
gps,"kcal  ""my  acknowledge  waiting  fewer  drop  picked  ""waiting  turning  loses  madest  slightest  recognizes  occasional  recognize  signal  seen"
purpose,misses  innovative  caused  opposite  prominent  more-or-less  existing  marking  internal  entire
airplane,leave  n5  kill  limited  outing
tag,tap  map  including  shown  display  editable  zoomed  chart
drawings,looking  mad  have  appeared  broke  prefer
seat,sit
correctly????,"fail  signed  framework  bad  valid  sync  packged  signend  correct""  fails:  shoud"
earth,play  requires  disable  amazing  suitable  drive  google  common  erratic  preventing  open  60-mile  opens  viewed
step,re-imported  pro  necessary  existing  shouldn't
slope,30-40  gained  lost  calculated
energy,support  peak  predefined  miolink  bluetooth  le  low  ble  impressive  polar  disappointing
something,"jusr  public""  german  english  hit  translating  miss  correct"""
audio,connecting  fallacious  indicate  having  working?
sharing,crucial  geeky  basic  glitchy  social  innovative  photo/route  generic  internal  nice  suck
blanks,worked  lossing  tracking  ditto
pressing,pinpoints  visible  recognise  join
don't,want  o+  jerk  went  i  stat?  clog  dont  know  clean  tolerated  often?
fail,signed  fails  signend  fails:
slowdown,widget  alert  responding  xt  stopping  lockscreen  consumes  offers  burns  eats  warned
look,warning  usable  suck
rounds,dies  suitable  walked
startup,text  small
font,text  widget  real  small  stat  provide  less
teleport,there's  turn  hilarious  offset  regains  stationary
reluctant,accessing  requires  playservice  contact?  next  due
seriously?,app?  accessing  made  forget  tracking  ruin  1-2km
mobile,"controlled/measured  inconsistent  ""wi-fi  ""quest"""
samsung,help  note  continuous  galaxy  detected  s3  fixed  kitkat  s4  hold  android  stable  helpful  smaller  discharged  working  grand  w/s4
cycle,insisted  handles  stupidest  built  lying  january  introduced  sits  puts  uk  blame  sit  thought  viewed
walk,twenty  creates  offset
feedback,sending  store
sign,failed  signed  loved
photo's,mile  jump  bring  viewing  dont  eleven
countryside,unhappy  mobile  find  tracking  it's  ditto  discouraged
endomondo,like  similar  add
crazy,route  rebooted  w/  point  surprised  follow  burning  suite  riddled  directional
timer,result  received  dreadful  astonishing  flitting
usage,incomplete  supported  zero  close  attempting  finish  india  according  runtastic  cpu  use  check  enlarge  wasn't  stationary
play,informing  passing  aborted  earth  requires  'goodle  view  won't  installed  google  focusing  asking  uninstalling  'google  reinstalling  wont  logged
crashes,latest  htc  install  wouldn't
walkers,designed  several  decent
opportunity,true  somehow  playservice  recommend  framework  bad  lost  packged
row,gave  question  told  astonishing  zagging  satisfied  earlier  different  copy  encourages  gives  allowed  opening  tells  peaks
awkward,widget  small  stat  provide  less
alcatel,helping  n5  downloaded  htc  professional
angles,route  crazy  need  w/  point  riddled  directional
haven't,opened  figure  had  approved  late  jumped  wasn't
tool,readable  compatible  geotag  pro  created  common  microsoft  taking  microsoft's  lat/long
useless?,"require  button  ""install  talk  record  appears  selected  pressed"
km/hr,looks  low  slightest
digress,bad  sound  experienced  packged  it`s  long  shoud
lite,embed  dotty  classic  destroyed  pre-loading  map  cannot  allow  puts  removing  goole  offline
lock,widget  few  lockscreen  consumes  offers  release  burns  warned
sony,"helping  appear  controlled/measured  showing  mobile  ""wi-fi  ""quest"""
bottom,"opened  controlled/measured  restarted  check  ""quest"""
hike,mapping  easy
folder,"""my  docs  drive  including  specific"
c'mon,looking  mad  broke  syncs
breaks,sheetgreatthe  remain  processes  absurd  spreed
excursions,saved  able  upload  allow  be  sent  converted  navigate  save
spread,launched  uploading  been  happy  have  pass  late  major  syncs
walking,average  fellow  said  finish  straight  burn
square,route  simple  w/  empty  riddled  directional  logged
one?,new  happen  horrible  finds  adding  loading  means  gotten  functional
traffic,"ave  button  speed  search  ""install  showed  stop  google-drive  doubled  included  fastest  ""wi-fi"
grade,max  such  gained  giving  appeared  calculated  elevation
fusion,height  syncing  disable  drive  shared  gionee  excessive  agree  syncs
fault,coordinate  watch  active  isn't  professional  tuned
search,"want  button  ""install  google-drive  make  appears  ""wi-fi"
others,treats  believe  hard  noted  syncs
i9082,note  continuous  galaxy  detected  s3  fixed  samsung  kitkat  s4  hold  android  stable  helpful  smaller  discharged  grand  w/s4
bt,external  support  prevents  bluetooth  please  quality  low  ble  restore
pointer,imported  uploaded  walk
app--or,geeky  ready  useful  included  grey  hd  promising--but  usgs  maintaining  are  garbage  complete  sliding  underachieving
amount,misses  nothiñg  making  losing  lose  miscalculated
"correctly""","indicating  fail  saying  signed  receive  file  ""package  daocoh  update/install  says  packged  signend  install  correct""  fails:"
provocation,easy  slightest
counter,sucks  more-or-less  existing  shouldn't
bar?,loading  am  scale  calculates  has  willing
touch,htc  editable  professional
kitkat,note  galaxy  detected  fixed  samsung  buggy  upgrading  s4  stable  helpful  grand
forget,app?  accessing  made  tracking  ruin  1-2km
startpoint,creating  beginning  adds  click  seemed  comes  stopping  keep  next  navigating  try
feet,mile  rode  jump  bring  travel  searched  marked
nothing,"button  ""install  appears  opens  ""wi-fi  selected"
view,play  requires  'goodle  won't  'google  open  logged
anything,fallacious  pick  indicate  record  rendered  recorded
page?,beginning  used  imaginable
reason,automatic
miolink,support  peak  disappointed  predefined  bluetooth  le  low  ble  polar
shoulder,tied
scattering,third  consumes  gone
good,crucial  tablefor  basic  necessary  photo/route  main  weird  madest  missing  enough  runkeeper
bluetooth,support  disappointed  predefined  miolink  le  low  ble  polar
i,traveled  don't  have  pass
authentication,necessary  today's
deleting,hell  pirate-ware  ruin  included  grey
gradient,hunt  been  happy  have  several  reading
poalr,mad  broke  syncs
package,"indicating  offering  unable  fail  saying  signed  unsigned  receive  file  ""package  daocoh  update/install  says  packged  fails  signend  install  newest  fails:"
menu,s3  flat  working
favorite,look  warning  unlocking  recognise
pedometer,peak  disappointed  predefined  miolink  bluetooth  low  polar  disappointing
trail,level  hike  fair
min/max,reliable  speed  unreliable  hell  traditional  longer  scrambled  wider  color-coded  pausing
total,showing  annoying  promised  moving  vs  known  negative  miscalculated
team,caught  paired  clean  get  nice  prompts
saves,height  competitive  sits  kill  syncs  lat/long  outing
pocket,zero  check  enlarge  segmenting  resulting  regains  stationary
coordinates,kcal  sky  specific  tell  does
phone,kill  limited
stroll,level  helping  fresh
moving,ave  average  annoying  sky  promised  total  same  vs  beautiful
contact?,accessing  personal  steal  remove  read  contact  uninstalling  them?
stat?,care  uploading  choose  don't  went  have  collected  wireless
whilst,route  w/  point  riddled  directional
monitor?,peak  predefined  miolink  bluetooth  know  low  ble  disappointing
couple,several  twenty  minute  past  wait
experience,offering  assume  edit  inform  mapping  seems  reupload  navigate  imaginable  try
review,hope
zoom,minute  os
numbers,"random  happens  put  ""-24""  logical  manual"
flight,adds  track  n5  recoreded  added  editable  usual  wanted  exported  spreed
information,such  giving  pretty  lame  false  corrupts  gives
yoga,bounce  amazing  trusted  sitting  stable  be  spurious  hope
half,mile  jump  eleven  jumped
let,gave  question  cus  download  wouldn't  doubt  opening  tells  wont  peaks
ant+,support  detect  doesn't  le  connect  can't  change  done  support?  seem  usb  hrm
closing,resume  wastes  seemed  managed  upgrading  stop  tapping  recording  closes  force  start
phone's,it's
sensation,am  htc  using
correlation,apply  find  oddest  clear  tied
network,"button  location""  social  mobile  ""install  wi-fi  ""wi-fi  selected"
recommends,informing  play  'goodle  won't  installed  uninstalling  'google  install  reinstalling  wont
please,steal  remove  fix  gen  follow  suite  restore  working?
intervals,random  packs  warning  spotty  verging  useless
'package,"was  signed  got  file  ""package  android  daocoh  update/install  fails  signend  error:"
butt,going  ruins  huge  randomly  fro  looping  enlarge  sit  resulting
pc,want  replacement  full  transfer  wanted  copy  re-install  g+
horse,happened  amazing  sitting  linked  be  better
standard,ready  am  saw  grey  usgs  complete
complet,eror
find,lossing  either  restored  found  shoud
topo,unsigned  map
ability,editing  tracking  common  restored
difference,much  consistent  slower  computing  isn't  less
air,real  including  sit
i9003,note  continuous  galaxy  detected  s3  samsung  kitkat  s4  android  stable  helpful  smaller  discharged  grand  error:
heart,alert  peak  disappointed  predefined  miolink  bluetooth  le  low  ble  polar  disappointing
fact,opened/used  keeping  decided  treats  processes  crashed
loops,ruins  randomly  looping  pathetic
fine,worked  blue
tracking,unhappy  seemed  forget  ditto  discouraged  restored  least
zephr,mad  agree  broke  syncs
froze,mess  clean  luklckaly  fresh  resembles  beside  freezes  outing
add,endomondo  this???  upgraded  navigate
show,dies  viewing  rotate  recoreded  fewer  footpath  riding  sometimes  paused  peaks
guys,tablefor  available  working
fix?,short  shown  stat  calculate  rendered  right  shuts
route?,mentioned  you're  enormous  appeared  missed  ending
neighborhood,running
cannt,needed  pirate-ware  collected  make  saw  them?  updating  cover
maxx,unusual  drained  drain  ur  #2  battery  note-3  drains  draining  droid  threw
thank,pre-loading  bean  sure  pulls  cache  unsure  offline
it's,simple  unhappy  discouraged  tree  smooth
need,closer  personal  crappy  suite  fixing  mature  isn't  super
won't,play  'goodle  view  installed  'google  means  limited  reinstalling  logged
availabla,mentioned  mad  track  saved  little  precise  usual  appeared  ending  looses  tied
fb,zoomed  link  post
waiting,"continuous  proper  keeping  gps  searching  dreadful  ""waiting  recognizes"
targets,new  alert  peak  disappointed  predefined  miolink  bluetooth  low  disappointing
installg,approved
eg,cuts  adding  vocal
x,helping  adds  watch  erased  lagging  chew  kill  fresh  favourite  draining  outing  threw  increase
later,few  creates  found  awesome
lagging,adds  crash  erased  stopping  deleted  slower  started  cool  threw  increase
dont,want  personal  don't  viewing  pirate-ware  collected  tolerated  exact
circle,docs  were  going  hunt  ruins  randomly  shared  looping
k,n  b  work  blue  pathetic
"""mock","external  location""  supported  are  garbage  sliding"
reality,watch  contact  reading
window,tablefor  sit  black
gplay,passing  need  crappy  useful  promising--but  mature  isn't  underachieving
galxay,galaxy  detected  s3  disappointed  samsung  assume  s4  stable  i'm  helpful  working  grand  stationary
tolerance,setting  highest  aren't  fine  default  accuracy  enough
sport,proper  like  other  ask  cross  hesitating
talk,helping  detect  kcal  appear  require  acknowledge  advertised  connect  flat  looses
heat,unusual  enjoyed  excessive  u  battery  tied
file,"indicating  was  compatible  accept  created  saying  signed  receive  ""package  daocoh  update/install  fails  send  signend  microsoft  correct""  error:  create  fails:"
inexplicably,accesses  more  private  accurate
invalid,"helping  controlled/measured  mobile  saying  packged  ""quest""  doesnt"
happened?,setting  highest  happens  n5  wider  shared  color-coded  see  improving
motion,rebooting  jumping  giant  stupidest  kept  opposite  sits  grinning  hesitating  draining  hasn't
asap,support  prevents  please  fix  quality  gen  follow  suite  restore  working?
map,white  controlled/measured  classic  destroyed  pre-loading  stored  allow  pre-downloaded  more-or-less  removing  handle  offline
lockscreen,widget  third  responding  xt  drain  consumes  offers  battery  drains  burns  eats  warned
star?,need  put  automatic
zeroes,making  sending  thrashing  flashes  wouldn't
failing,raw  gps  connected  occasional  signal
doxn,'waiting  km  count  hesitating
pace,ave  seemed  include  traditional  stop  eleven  calculates  fastest
chats,geeky  n  b  generic  graph  are  complete  sliding  underachieving
s4,note  continuous  galaxy  detected  s3  samsung  kitkat  searching  hold  android  stable  helpful  smaller  grand  w/s4
synchronization,aborted  walking  fellow  disconnected  translating  straight
didn't,understand
spots,lossing  ditto
drive,syncing  docs  classic  earth  disable  google  shared  sync  opens  viewed  export
google,informing  syncing  aborted  docs  classic  destroyed  earth  play  requires  disable  drive  common  asking  searched  erratic  preventing  60-mile  opens  viewed
correctly???,"offering  unable  signed  receive  file  ""package  daocoh  update/install  fails  signend  reinstall  reupload  create  fails:"
resolution,unsigned  low
picture,accessed  valid  performed  related  black  super
charting,terrible  mapping  spurious  spotty  turning  calibrating  jagged
scale,min/mile  decided  wider  fired  rewritten  color-coded
crashing,glitchy  keeps  uk
"""package","indicating  was  saying  signed  receive  file  daocoh  update/install  says  fails  signend  install  newest  correct""  error:  fails:"
circuit,opened  incomplete  disconnected  idle  zero  close  attempting  hilarious  lose  finish  send  according  check  enlarge  wasn't  stationary
ok,negative  flat  cool  /\
presentation,"making  worse  are  engine"""
business,handles  displayed  calculates  thought
becomes,horrible  finds  satellite  intermittent  madest  gets  accurate  sometimes  seen
pressure,real  including  sit
micromax,"detect  appear  ""my  doesn't  failed  sd  today's  work  working  recognise"
crap,recent  bad  pausing  freezes
spreadsheet,"imported  indicating  saying  file  ""package  daocoh  update/install  signend  error:"
speed/pace,made  enormous  showed  pretty  lame  corrupts  missed  offset  measured
installation,doesn't  failed  sd  told  loved  work  ahhhhhh  seem
:-,perfect  playservice  happened  recommend  able  store-india'  upgrading  framework  bad  love  gone  used  navigate
time,tries  short  wifi  annoying  sky  promised  total  moving  vs  locating  specific  twenty  negative  tell  miscalculated
point,route  crazy  w/  usable  riddled  directional
inaccurate,lossing  impossible  uh
user,continue  support  chinese  prevents  processes  quality  inform  absurd  metric  testing  using
buildings,figure  sucked  marking  miscalculated  beside
optimus,apply  n5  can't  install
detection,coordinate  unreliable  graph
case,longer  loading  taken  gotten
cell,there's  disconnected  attempting  internet
default,accuracy  measure
fix,xt  resolve  please  gen  suite  restore  working?
connect,detect  ant+  talk  pick  change  seem  hrm  take
stop,resume  button  seemed  comes  managed  tapping  recording  included  miss  force  start  fastest
vs,annoying  promised  total  moving  same  specific  negative  miscalculated
improvement,it's  minute
pick,detect  connect  clean  work?
kept,rebooting  jumping  giant  several  opposite  single  grinning  past  hesitating  draining  hasn't  exit  causing  navigating
synchronized/,helping  appear  accessed  n5  downloaded
service,informing  passing  play  requires  'goodle  crappy  installed  google  focusing  asking  'google
quality,external  support  chinese  prevents  user  using  restore  high
news,endomondo  other  stupid
gus,cannot  broken  install  downloading
kilometres,sky  eror  incomplete  zero  close  use
zumba,trusted  sitting  spurious  hope  wish
result:,gave  buggy  smoothing  know  zagging  different  encourages  gives  tells
secs,endomondo  sometimes
roller,like  other  stupid  indicate  does
count,turns  showing  km  preferred  displayed  wrong  known  spb  measured
visualization,like  similar  other  nice  running
bike,mile  match  forgot  half
wile,saying  packged  asked
y,galaxy  detected  disappointed  samsung  assume  i'm  helpful  hr/mile  stationary
mode,appear  sd
pause,button  automatic
"""move","helping  opened  location""  built  downloaded  talk  restarting  zoomed  pressed"
let's,figure  hike  went  find  froze  mapping  cutting
ter,ahhhhhh
china,walk  fine  usa  work  uk
attempt,play  disconnected  attempting
wi-fi,"turned  accessed  tap  leave  turning  related  ""wi-fi  wireless"
accuracy,setting  highest  question  default  repeatable  improving  checked
one,more?  driven  coolest  htc  google+  prompts
shape,oddest
htc,latest  fallacious  upgraded  using
marker/waypoints,show  can't  fired  change  elevation
measurments,happened  amazing  sitting  bad  be  verging
garman,treats  graph  reconnects
january,tablefor  introduced  madest  sit  complicate
cannot,embed  current  install  downloading
value,connecting  blank  contain  fallacious  loading  remained  having  calculated
correctly?,"signed  receive  file  ""package  update/install  signend  fails:  downloading"
display,complex  cache
latitude,'moving  longer  calculates  recognizes  syncs  tied
wrong,turns  showing  km  preferred  count  known  calculate  spb  displays  measured
room,misses  figure  sky  transfer  sending  sucked  store  beside  run
location?,misses  map?  aware  enormous  stored  editable
smarttracker,treats  eg  other  mentioning  allow  free  set
strings,making  sending  wouldn't
track's,individual  exported
mytrack,affected  previous  charged  obtain  pulls
ft,didnt  traveled  horrible  gps  acknowledge  picked  realize  related  madest
android,note  galaxy  detected  samsung  s4  ddroid  error:  removed  wear
length,km  count  wrong  known  spb  measured  daily
precise,mentioned  much  more  appeared  -1
m,maximum  speed  saying  scale  keeps
account,gained  ant+  connect  change  seem  elevation  take  import
contact,personal  steal  full  important  remove  contact?  read  often?
info,rendering
summer,several  previous  obtain  hesitating
can't,re-imported  bounce  ant+  linked  work?  repeatable  support?  usb  see
notice,tries  note  continuous  galaxy  detected  s3  samsung  downloaded  s4  stable  helpful  grand  w/s4
kills,starting  drained  comes  idle  chew  battery  drains  draining  closes  force  threw
twitter,sitting  cannot  google-drive  linked  be  converted  opening
b/c,had  uninstalled  issue  reported  past
evrything,beginning  go  speed  hell  seeing  bad  u
drain,level  unusual  widget  turns  lockscreen  ur  battery  impressive  drains  burns  warned
hrm?,ready  miolink  bluetooth  le  generic  nice  are
connectivity,own  went  making  pretty  lose  internet
mapping,relate  continues  hike  leaving  resembles  regains
satellite,creating  loses  tell  force  start
consumption,drained  chew  ur  #2  kill  battery  note-3  impressive  draining  threw
dev,caught  nice  prompts
towards,"helping  controlled/measured  restarted  running  ""quest""  doesnt"
authors,put  plan  logical  manual
pt,vocal  takes  understandable  discharged
keeps,indicating  maximum  saying  losing  crashing  hanging  cutting
kayaking,losing  hope  hiking  daily
e3,highest  gionee  luklckaly  connected  working  syncs
music,forgot  opened  turns  paired  hilarious  prompts
stat,beginning  gained  ruins  small  grand  complete  less
direction,normal  dont  know  exact  possible
notification,"fail  saying  signed  ""package  update/install  says  signend  newest  fails:"
googls,meaning  white  map  bean  i'm  load  unsure
afterwards,
hitting,gps  fix  satellite  get  loses
measure,chinese  default  change  metric
fexibility,constant  editing  gave  question  locate  let  told  astonishing  earlier  copy  allowed  doubt  tells  flitting  peaks
forever,beginning  moved  stat  keep  load  according  re-install  take  shp
anymore,work?  updating  paused
remarks,continue  disconnected  general  absurd  attempting  pre-downloaded
sync,disable  drive  packged
appalling,imperial  alert  usable  computing  accurate  isn't
provider,"external  location""  supported  are  garbage  sliding"
memory,jerk  don't  erased  clog  clean  creates  puts  internal  boot
wtf,drained  killing  remain  pointless  #2  battery  draining  woke  threw
reading,short  watch  doubling  takes  intermittent
engine,embed  aware  classic  destroyed  pre-loading  map  current  cannot  allow  removing  goole  handle  offline
provide,much  real  small  less
waypoints,"say  coordinate  steal  active  please  need  gen  follow  suite  /  restore  working?  ""test"
point:,tablefor  km  good  vocal  main
inconsistent,worked  mobile  blue  nexus
router,mess  f****  am  mapping  web  leaving  klutzy  resembles
wonder,note  galaxy  detected  s3  fixed  samsung  kitkat  downloaded  s4  helpful  open  grand
path,tracked  straight
#1363,breaks  remain  find  absurd  cannot  impossible  restored  found
~-50ft,min/mile  redesignd  steal  remove  please  fix  gen  be  fired  rewritten  follow  suite  restore  working?
footpath,dies  viewing  rotate  show  riding  paused
avoid,did  faster
ride,mile  forgot  half  60-mile
recording,resume  button  wastes  seemed  comes  stop  tapping  means  force  start  fastest
calory,connecting  gained  fallacious  having  calculated  elevation
come,responding  chew  related  doesnt  threw  increase
drop,enabled  handles  gps  stupidest  lossing  restarting  realize  blame  travelled  signal
sportypal,automatic
sent,perfect  converted  save
uninstalling,did  play  contact?  once  i'm  reinstalling  wont
jb,widget  alert  responding  xt  lockscreen  bean  consumes  burns  eats  warned  unsure
kind,aware  stored  scale  wider  color-coded
gps's,coordinate  chinese  unreliable  active  isn't
tracker,reliable  much  packs  small  faster  unneeded  less
graph,unreliable  b  trusted  mention
stuff,amazing  web  calibrating
running?,likely  flaming  eleven  resulting
system,imperial  support  coordinate  chinese  prevents  processes  most  user  couldn't  metric  testing
atl,go  hell  store
converter,converting  replacement  refused  has  shp
ages,converting  endomondo  connect  change  take  shp
line,horrible  acknowledge  show  fewer  graph  flat  working  sometimes
url,meaning  white  classic  blank  remained  load  syncs
sleep,o+  losing  manual
scroll,apply  collected  can't  repeatable  right  left
plethora,marking  finding
tangents,happen  did  numerous
couch,opened/used  let  flashes  left  wouldn't
while,viewing  riding  move
i'm,assume  bean  uninstalling  burning  sure  i'd  unsure  stationary
log,serious  lossing  ditto  work?
today,result  uploading  been  have  moved  pass  satisfied  came
lose,"constant  incomplete  making  large  gmap  sliding  engine"""
axis,incomplete  hr/mile
type?,creating  file  update/install  fails  due
snowshoed,launched  insisted  don't  stat?  moved  enjoyed  collected  know  hope  saw  realize  runtastic  thought  wireless
record,"jusr  button  ""install  erratic  selected"
versa,need  klutzy  fixing
head,watch  clear  tuned  tied
description,text  such
middle,misses  crashing  prominent  marking
hi,launched  mph  had  kph  been  improved  have  stat?  moved  collected  late  picked  reported  check  re-install
scl,note  continuous  galaxy  detected  s3  samsung  kitkat  s4  hold  ddroid  android  stable  helpful  smaller  discharged  grand  error:  w/s4
fits,usa  uk  goes  dead
percentage,miss  high
rings,you're  little  hit  appeared  weak  grinning  miss  -1  counter-intuitive
fails,"offering  fail  signed  file  ""package  ddroid  hard  update/install  signend  error:  fails:"
algorithm,proper  wants  right
happens?,"""install  get  opens"
counter?,necessary  more-or-less  existing  shouldn't  functional  beside
feels,informing  passing  play  requires  'goodle  crappy  google  focusing  asking  'google
pointless,approximate  burns  draining  claimed
hiking,doubling
fc,helping  tap  downloaded  losing  wi-fi
occasions,launched  have  several  pass  updated  hesitating  hasn't  exit
market,search  aggregate  add  google-drive  make
motorcyclewe're,"white  reliable  much  competitive  ""do  intuitive  faster"
indication,waiting  dreadful  recognizes  pausing  signal
map/data,cuts  saved
disciplines,like  similar  tested  other  mentioning  stupid  missing
vision,sky  specific  twenty
tracks2miles,unhappy  paired  loaded  it's  discouraged  blue
matter,"reliable  ""do  avoid  tolerated"
privacy,issue
vice,need  hit  fixing
connection?,care  passing  biological  happened
facebook,let  google-drive  linked  opening
star,cant  strange  coolest  give  -1  nexus  tuned
shouldn't,great  necessary  more-or-less  existing  functional  beside
hangs,creating  several  hesitating  logical
dose,
slicker,primitive  redesignd  looks  slower  boring  shuts  cool  became
form,klutzy  shoud
it'll,chew  sits  #2  uninstall  kill  limited  draining  woke  threw  increase
lack,kcal  gps  question  caused  accuracy  drop  dropping  signal
calculate,short  correct  individual  shown  wrong  known  spurious  right  calculating  measured  travelled  chart
dance,trusted  sitting  be  spurious  hope  wish
efforts,apply  google-drive  clear  turning
viewable,map?  public  contact?  needed  dont  read  pirate-ware  make  them?  grey  boot  cover  does
favorites,sheetgreatthe  misses  new  sharing  nothiñg  spreed  consumed
guess,
release,"say  designed  offers  /  last  warned  ""test"
bozo,scale  sending  fired  release  color-coded
interesting,primitive  redesignd  readable  improved  be  converted  chart  shp
zones,looking  was  introduced  goes  dead
share,unhappy  let  discouraged  google-drive  couldnt  g+
manager,handles  stupidest  built  decided  coolest  sits  blame  pressed  imaginable
background,sits  spb
clicks,public  edit  make  wanted  reupload  navigate  link  spreed  unneeded  g+
service',informing  play  requires  'goodle  view  won't  installed  focusing  asking  'google  logged
work,detect  doesn't  failed  usa  blue  uk  ahhhhhh  flat  pathetic  does
update,sheetgreatthe  latest  perfect  recent  strange  last  came  disappointing  updat
change,ant+  connect  measure  seem  usb  hrm  elevation  take  import
feature,crucial  basic  sharing  necessary  good  innovative  most  photo/route  major  weird  append  existing  shouldn't  internal  missing  allows  functional  removed  enough
consistency,active  need  w/  point  enjoyed  consistent  u  fixing  computing  mature  isn't
bridleways,show  footpath
date,clean  guess
resets,beginning  adds  higher  gained  ruins  stat  fro  according  calculated
couldn't,opened  insisted  finish  hopeful
status,"saying  receive  file  ""package  daocoh  update/install  says  signend  getting"
get,caught  aggregate  unknown  60-mile  tuned
messes,accessed  caught  froze  fair  clean  mapped  guess
support?,ant+  can't  repeatable  seem  usb  hrm  see  wear
city,cuts  built  eg  miss
brilliant,annoying  unhappy  total  it's  vs  negative
??,passing  stored  crappy  useful  promising--but  mature  are  garbage  underachieving
"""cannot","difficult  short  public""  public  locating  allow  load  calibrating  set  link  wait"
friends,mentioned  endomondo  walking  fellow  hard  appeared  upgraded  ending
burning,crazy  assume  bean  i'm  sure  i'd  unsure
card,appear  doesn't  failed  sd  transfer  work  gmap  seem  recognise
charm,like  wants  earlier  doesnt
doublebacks,going  ruins  f****  huge  randomly  making  fro  looping  running
pos,resolve
india,geeky  store-india'  supported  available  suitable  upgrading  use
alternative,difficult  supposed  endomondo  good  amazing  trusted  be  converted  navigate
think,redesignd  opened/used  travel  sitting  surprised  boring  tolerated  often?  thought  expect
australia,i'm  stationary
storage,loading  won't  noted  has  kill  means  limited  gotten  finding
right,maximum  redesignd  remove  boring  wants  calculate
developer,steal  remove  please  read  contact  follow  suite  restore  pausing
overhead,happen  tends  tree
mine,enormous  walk  creates  hiking  offset
load,meaning  white  blank  remained  black
person,"reliable  much  ""do  precise  past  hesitating  faster"
online,cuts  hit  link
why?,you're  displays  measured
pay,"several  ask  ""do  info  flashes  hesitating  wouldn't"
h7,disappointed  predefined  miolink  bluetooth  paired  low  ble  polar  disappointing
weight,height  ask  intuitive
issue,had  fixed  improved  main  major  has  reported
odometer,plot  find  either  do  spb
message,"indicating  wifi  saying  signed  unsigned  receive  file  ""package  daocoh  update/install  says  signend  error  fails:"
re-arch,remain  big  klutzy
install,"signed  ""package  cannot  says  unknown  error  ""-24""  reinstalling  wont  downloading"
stand,"accessing  helping  xt  chew  fresh  taking  ""quest""  threw  increase"
glitch,continue  disconnected  general  absurd  attempting  pre-downloaded
morning,resume  button  said  didn't  showed  tapping  thinking  recording  start  fastest
wind,enabled  resolve  fix  restarting  possible  working?
cpu,uses  runtastic
trouble,connecting  fallacious  htc  indicate  having
loses,gps  lossing  satellite  slightest  closes  signal
motionx,crazy  somehow  scale  has  finding
seconds,creating  jumping  several  ask  thinking  hesitating  hasn't  start
sharing/direction,crucial  active
error,"wifi  receive  this???  unknown  install  ""-24"""
reinstall,aggregate  able
altitude,beginning  speed  higher  gained  traditional  stat  calculated  located
iuse,steal  first  remove  resolve  please  fix  gen  follow  suite  restore  working?
workout,giving  weird  miscalculated
thanks,"reliable  much  sad  ""do  clear  intuitive  faster"
behavior,ready  stat  hd  usgs  are  garbage  complete  sliding
nexus4,several  broken  asked  past
map??,docs  classic  destroyed  tap  viewing  map  drive  google  including  shared  removing  export
posibillity,saved  edit  added  link
battery,unusual  widget  drained  killing  third  idle  lockscreen  kills  drain  excessive  ur  #2  note-3  impressive  drains  burns  draining  eats  warned  threw
mtk,setting  highest  happened?  gionee  working
jumps,mile  jump  bring  half  suitable  likely  flaming  jumped
trackit,resume  button  seemed  comes  didn't  stop  tapping  recording  included  force  start  exit  fastest
choice,misses  endomondo  miscalculated  consumed
ex,jerk  don't  dont  told  know  tolerated  copy  encourages
estimate,kcal  effective  does  seen
use,upgrading  india  according  drains  wasn't
worthless,rendering  approved  recent  crap  hanging
photo,readable  editing  compatible  geotag  pro  created  common  microsoft  taking  microsoft's  lat/long
takeoff,"happens  unknown  ""-24""  manual"
backwards,continues  mess  leaving  klutzy  goes  calibrating  segmenting
motorcycle?,awful  professional
lisence,fail  signed  cus  says  signend  fails:
restart,automatic
offset,there's  mess  enormous  walk  lame  hilarious  corrupts  missed  favourite  regains
hrm,support  detect  doesn't  ant+  le  connect  change  support?  seem  usb  ble
minute,few  couple  wait
running,"controlled/measured  restarted  ""quest""  directional"
call,cuts  active  holding  shoud
auto-upload,beginning  adds  earth  disable  drive  erratic  export
_after_,select  completed  them?
position,relate  pinpoints  visible  finds  locating  takes  intermittent  recognise  actual  post  join
icon,built  zoomed
"track""","detect  kcal  appear  ""my  doesn't  gps  failed  sd  talk  connect  turning  seem  recognizes  recognize  signal"
walks,"helping  appear  n5  asked  ""quest"""
time',reliable  'moving  longer  calculates  uh  pausing
hate,reasonable  adding  clog  worse  boot  abusive  removed  unneeded
flat,detect  horrible  advertised  fewer  talk  ok  work  working  sometimes  cool  does  seen
reinstallation,come  droid
factory,performed
q,note  continuous  galaxy  detected  s3  fixed  samsung  kitkat  s4  hold  stable  helpful  smaller  grand  w/s4
navigation,separated  ending  tied
page,widget  lockscreen  consumes  offers  web  release  burns  warned
pre-drove,fair  statistical  inform  check  re-install  walked
lg,apply  n5  can't
atleast,"flaky  gps  performed  ""waiting  get"
upgrade,numerous  os
r,ahhhhhh
check,opened  incomplete  fair  moved  saw  finish
tablet,galaxy  detected  fixed  samsung  kitkat  s4  smaller  w/s4  nexus
w,unhappy  tracking  loaded  it's  discouraged  blue  smooth
function,"lose  gmap  engine"""
instance,erased  delete  selected
live,'moving  eror  longer  calculates  follow  recognizes  pausing  opens
i'd,more?  assume  bean  i'm  burning  sure  expect  unsure
sort,watch  accesses  more  sucked  computing  accurate
space,want  launched  uploading  full  have  stat?  moved  collected  pass  uninstall  prefer  re-install  g+  wireless
hardware,downloaded  recognizes
dark,repeated  include  wrong  measured
plan,older  promising--but
design,enjoyed  sound  boring  calculate  think  preventing  cool
runner?,ready  charged  black
bicyclists,designed  scale  calculates  has  locking  finding
disappears,
hour,mile  jump  nope  few  half  likely  flaming  eleven  resulting
updating,abysmal
hand,require  enabled  keeping  talk  other  ask  restarting  flat  fresh  does
airdroid,unable  question  cus  satisfied  copy  sure  allowed  enough  peaks
advantage,stored  opposite  prominent  keep  take
root,misses  docs  including  note-3
regardless,misses  sky  moving  vs  specific  sending  twenty  prominent  marking  tell  miscalculated
displays,tracked  wrong  measured
drains,widget  drained  lockscreen  kills  drain  ur  battery  note-3  use  burns  wasn't
burns,widget  drained  third  lockscreen  drain  pointless  consumes  offers  ur  battery  drains  draining  eats  warned
timestamps,rendering  dreadful  plan  hesitating
leading,inform  reupload  complete  sliding  regains
interface,reliable  small  user  provide  less
foreground,insisted  typical  'moving  stupidest  displayed  vocal  understandable  #2  uh  pressed
option,geeky  sharing  social  b  generic  store
dog,going  ruins  looping
"signal""","creating  'waiting  waiting  searching  charged  dreadful  ""waiting  minute"
destination,supposed  preferred  edit  planned  sitting  inform  be  converted  rewritten  wish
download,unsigned  let  cus  work?
res,hike  several  low  due
precision,"reliable  much  sad  ""do  clear  intuitive  faster"
state,tap
job,sending
efficient,somehow  focusing  inconsistent  battery  knows
wilderness,enabled  typical  dies  horrible  contain  needed  restarting  usa  effective  flat  launching  holding  does
useless,made  pretty  verging
usability,hope  marking
gpsr,"accessing  match  helping  appear  xt  leave  n5  downloaded  taking  ""quest"""
side,jumping  statistical  opposite
beklutzye,ready  plot  suitable  do  promising--but  are  garbage  complete  sliding  underachieving
razr,widget  responding  xt  lockscreen  burns  eats
accuracy?,mile  nope  half  either  eleven  jumped  wont  run
found,opened/used  find  noticed  shoud
"incorrectly""","signed  ""package  says  signend  install  reinstalling  fails:  wont"
bug,continue  breaks  remain  giving  absurd  introduced  restored  woke  elevation  noticed
58minutes,beginning  took  happen  adds  jusr  lagging  deleted  #2  reconnects
traces,earth  requires  disable  drive  google  record  searched  erratic  preventing  60-mile  opens  viewed  export
venue,abysmal  issue  reported  madest  updating
wasn't,opened  haven't  incomplete  zero  love  use  drains
trip,went  plot  froze  count  wrong  known  spb  measured  daily  beside  entire
email?,"cuts  active  fixing  miss  correct""  holding  shoud"
i'll,sheetgreatthe  latest  flaky  recent  current  previous  obtain  update  next  last  came  spreed
comment,geeky  personal  social  steal  please  read  them?  suite
prompts,keeping  other  mentioning  stupid
incorrect,aren't  burned  burn  runkeeper
os,upgrade  numerous  handle
life,misses  third  prominent  consumes  sucked  battery  note-3  drains  consumed
draw,disappointment  old  increase
drawn,fair  klutzy  complex  goes  set  segmenting
math,simple  other  stupid
health,continuous  galaxy  detected  samsung  s4  stable  free  helpful  grand  w/s4
house,"""install  showed  google-drive  ""wi-fi"
10mins,"flaky  gps  abysmal  performed  ""waiting"
area,attempting  enlarge  freezes
world,keeping  handles  seemed  stupidest  built  include  decided  inform  drop  sits  seems  enlarge  blame  imaginable  try
calorie,count  more-or-less  existing  shouldn't  beside
accurate,horrible  aren't  accesses  wish
but:,awful  basic  glitchy  other  mentioning  stupid  free  nice  missing  prompts  professional  app
isn't,need  crappy  consistent  computing  mature
measuring,mile
another's,controlled/measured  theres  mobile  editable  doesnt
boot,it?  clog  chew  hate  fresh
"corrrectly""",jusr  signed  contain  ask  deleted  update/install  packged  signend  agree  intuitive  does
feel,new  glitchy  look  lagging  spurious  suck
town,incomplete  coolest  prominent  enlarge  end  try
man,looking  mad  broke
sometimes,horrible  social  show  flat  super
history,sync  knows  wear  syncs
min,total  vs  twenty  burned  stopped  miscalculated  opening
straight,driven  walking  scribbling
+,docs  tap  google  ddroid  including  updated
link,text  classic  click  disable  f****  google+  shuts  reupload  set  post  syncs
closes,button  comes  idle  kills  loses  force
shame,little  leaving  connected  crossed  calibrating  reconnects
"""export","sheetgreatthe  new  accept  replacement  upload  send  gmap  re-install  came  spreed  engine"""
wouldn't,let  flashes
permission,require  reasonable  personal  important  single  hate  abusive  many  unneeded
strava,"care  like  other  miss  correct"""
year,had  couple  old  reported  past  -1  caffeinated
forward,continues  looking  mapping  leaving  dead
elevation,killing  gained  remain  giving  absurd  change  waited  calculated  smooth
format,unusual  accept  created  drain  send  different  microsoft
stay,handles  walk  built  sits  uk
charge,unhappy  it's  discouraged
addition,want  invasive  personal  jerk  don't  clog  need  thought  complicate  suck
garbage,ready  poor  promising--but  usgs  are  complete  sliding  underachieving
rezound,perfect  htc  looks  upgraded
everytime,crash  zoomed  puts  delete  imaginable  try
zig,handles  walk  gave  cus  zagging  creates  different  encourages  tells
caloires,figure  failed  loved  burned  beside
okay,worked  first  improving  actual
problem,converting  guess  biggest
jog,enormous  third  large  consumes  missed  marking  offset
course,blank  caused  sending  prominent  sliding
cool,disappointment  lagging  ok  preventing  flat  taking
eats,widget  third  uses  responding  lockscreen  private  consumes  reload  battery  complex  burns  face
hasn't,launched  had  jumping  been  happy  kept  several  flashes  updated  past  hesitating  exit
run/ski/snowshoe/whatever,route  look  planned  warning  w/  point  riddled  cache  directional
chip,rebooting  setting  highest  giant  kept  gionee  checked  causing
street,'moving  sky  marking
program,"care  ""holes""  miss  re-install  hasn't  exit"
data,raw  own  biological  making  crappy  statistical  charged  pulls  store  cache
location,pinpoints  tested  prevents  paired  support?  restore  knows  wear
integration,closer  syncing  earth  need  google  common  excessive
seriously????,"embed  say  january  introduced  puts  looping  sit  thought  ""test  complicate"
force,resume  button  seemed  comes  stop  tapping  kills  satellite  recording  closes  start
start,resume  button  wastes  managed  stop  tapping  satellite  recording  force
pinpoint,kcal  horrible  show  fewer  ask  satellite  agree  flat  does  seen
placement,misses  seemed  tapping  opposite  prominent  recording  marking
cache,pre-loading  planned  display  puts  delete  save
internet,there's  sad  disconnected  wireless
sawtooth,mess  froze  clean  luklckaly  leaving  fresh  resembles  freezes  jagged  outing
i8150,help  note  galaxy  detected  s3  fixed  samsung  kitkat  s4  helpful  smaller  open  grand
taking,readable  compatible  geotag  pro  created  microsoft  cool  microsoft's  increase
day?,"reliable  there's  ""do  clear  recognizes  pausing"
install:,signed  bad  packged  fails:  doesnt  downloading
mi/h,max  speed  enormous  true  such  showed  pretty  lame  corrupts  appeared  missed  calculating  ending  calculated
zig-zags,unhappy  it's  discouraged  black  smooth  super
introduced?,need  mature  getting
calories,rode  didnt  aren't  walking  this???  burned  burning  incorrect  burn  wish  walked
updat,latest  repeated  verbal  update  unknown  last  /\  became
inaccuracy,noticed
etc,care  maximum  speed
explanation,apply  it's  ok  tree  clear  incorrect
counts,count  wrong  known  spb  measured  daily
broadcom,rebooting  prominent  internal  slightest
gmail,luklckaly  flashes  integrated  lat/long
future,promising--but  plan
month,had  uninstalled  waited  reported  past
smartphone,note  hold  shouldnt
bed,mile  rode  bring  suitable  lying  only  marked
device,rebooting  mobile  giant  related  causing  wireless
blows,fix  possible  working?
cause,complicated  pass  uninstall  g+
csv,re-imported  recommend  able  upgrading  according  reinstall  use
inconvenience,disappointment  pinpoints  visible  i've  lying  intermittent  only  searched  found  draw  noticed  marked
activity,select  completed  contact?  read  contact  them?
bar,min/mile  scale  fired  rewritten
???,personal  steal  contact?  read  contact  worse  hate
runkeeper,crucial  basic  glitchy  good  photo/route  incorrect  enough
import,accept  upload  change  gmap  export
constrains,put  possible  logical  manual
signiture,perfect  preferred  wrong  stable
teeks,w/s4
voice,prompts
variables,"""my  real  including  display  sit"
awesome,bad  free  it`s
part,misses  sky  innovative  nothiñg  most  marking  miscalculated  entire
sliding,ready  b  lose  broken  hd  promising--but  usgs  are  garbage  complete  underachieving
/\,latest  enabled  repeated  ok  last  launching  updat
doesnt,"controlled/measured  bad  packged  come  ""quest"""
:/,re-imported  necessary  practical  good  approximate  pointless  intuitive  burns  claimed  faster
you've,keeping  completed
treadmill,'moving  verbal  clear  computing  beside
ranges?,speed  traditional  pirate-ware  lying  only
moto,helping  adds  watch  n5  froze  downloaded  lagging  chew  zoomed  kill  fresh  favourite  outing  threw  increase
top,misses  constant  sky  question  incomplete  sending  opposite  prominent  marking
km/h,show  pathetic  peaks
tab,help  min/mile  summary  galaxy  detected  fixed  samsung  first  please  gen  helpful  chart
wont,nope  play  let  cus  uninstalling  install  reinstalling
player,forgot  opened  incomplete  paired  hilarious  prompts
car,eg  vocal
kml,converting  readable  compatible  geotag  accept  pro  created  contain  file  send  microsoft  allows  microsoft's  lat/long  shp
guide,connecting  please  fallacious  fix  gen  suite  restore  working?
image,"meaning  white  installing  theres  blank  unsigned  eror  scrambled  map  ""do  remained  calculates  load  offline"
pigeon,supposed  took  insisted  accessed  stupidest  fair  hot  inform  create  imaginable
wear,pinpoints  watch  android  support?  knows  actual  syncs
mid-walk,tested  restarted  other  loses  closes  regains
nexus,strange  inconsistent  smaller
loss,closer  elevation
shite,longer  loved  calculates  append  upgrade  recognizes  looses  pausing  tied
gramin,detect  ant+  connect  pick  can't  change  support?  seem  usb  hrm
wish,rode  didnt  aren't  said  sitting  burned  hope  runtastic  accurate  burn  walked
signal,"kcal  ""my  gps  lossing  fewer  hold  drop  picked  ""waiting  realize  turning  loses  slightest  recognizes  recognize"
preview,embed  tablefor  january  zagging  creates  offers  web  sit  complicate
road,supposed  opened  took  driven  fair  hilarious  crossed  straight  segmenting
title,"uploading  saved  individual  broken  sliding  engine"""
rate,alert  peak  disappointed  predefined  miolink  bluetooth  low  ble  polar  disappointing
wear?,mad  broke  syncs
samsumg,note  continuous  galaxy  detected  s3  samsung  s4  hold  performed  stable  helpful  grand  w/s4
chart,average  peak  shown  calculate  interesting
curser,better  holding  behaving
trails,look  warning  display  footpath
gaps,rebooting  giant  kept  google-drive  causing
offline,aware  classic  destroyed  pre-loading  stored  map  allow  removing  pulls
manipulate,cant  handles  editable  uk  couldnt
test,misses  first  prominent  recording
sensors,support  disappointed  predefined  miolink  bluetooth  le  low  ble  polar  hopeful
syncs,adds  watch  gionee  luklckaly  link  wear  outing
monitor,peak  disappointed  predefined  miolink  bluetooth  le  low  ble  polar  disappointing
till,didnt  perfect  enjoyed  love  realize  used  upgraded
pain,ready  load  black  complete  sliding
bunch,third  whole  false  calibrating  60-mile  miscalculated  jagged
end,english  flitting
profile,whole  hold  can't  change  elevation
s,note  continuous  galaxy  detected  s3  samsung  downloaded  searching  s4  stable  helpful  smaller  discharged  grand  w/s4
cadence,peak  disappointed  predefined  miolink  bluetooth  le  low  ble  polar  disappointing
export,choose  disable  drive  upload  import
dell,abysmal  issue  madest  updating
shortcuts,taken  logical
there?,mentioned  separated  fellow  little  german  precise  translating  appeared  grinning  navigating
id,apply  aren't  incorrect  tied
suck,new  invasive  sharing  look  erased
track',"""my  stupidest  including  blame  sit"
hey,available  madest  working
replay,rebooting  jumping  giant  kept  several  opposite  cross  updated  grinning  past  hesitating  hasn't  navigating
reception,meaning  there's  blank  eror  paired  enlarge
mock,support  prevents  breaks  please  processes  user  quality  suite  restore  working?
everything,walk  leave  minute
complaints,uploading  been  have  pass  major  reported  wireless
period,difficult  sky  couple  locating  specific  twenty  tell  miscalculated
country,ask  cross  hesitating  navigating
wait,public  couple  minute  set
this?,let  giving  cus  keeps  gives  tells
privilege,approved  completed  contact?  pirate-ware  collected  them?  cover
hog,unusual  latest  recent  previous  drain  obtain  unusable  battery  drains  last  warned
save,upload  sent  riding  cache
app,awful  handles  enjoyed  tied
signature,"indicating  saying  signed  ""package  bad  valid  update/install  packged  signend  correct""  fails:  doesnt  downloading"
move,assume  wants  create
access,personal  steal  full  remove  contact?  read  contact  uninstalling  wants  right  saving
example,match  ready  garbage
blocks,cuts
code,"installing  this???  unknown  install  error  ""-24""  manual"
motorola,downloaded  ddroid
try,crash  click  assume  comes  include  able  edit  inform  make  best  seems  blame  willing  navigate  imaginable
idea,proper  lockscreen
v,apply  n5  can't  install  downloading
direction?,handles  gave  zagging  different  encourages
difficulty,meaning  blank  loading  once  noted  remained  having  locking  finding
product,support  miolink  quality
run,nope  thinking  mapped  cutting  isnt  miscalculated  beside  entire
sheets,launched  uploading  been  happy  have  pass  late  major  syncs
reporting,uploading  been  improved  late  major  has  picked  issue  reported
coverage,great  bounce  linked  be  claimed
thing,playservice  framework  mentioning  stupid  isnt  entire
wireless,uploading  have  stat?  moved  wi-fi  pass  major  related  internet
